{
  "angry_face": 0.17454545454545456,
  "disgust_face": 0.0009090909090909091,
  "fear_face": 0.09363636363636366,
  "happy_face": 0.07272727272727274,
  "sad_face": 0.29000000000000004,
  "surprise_face": 0.012727272727272726,
  "neutral_face": 0.3536363636363637,
  "face_offscreen_ratio_face": 0.16216216216216217,
  "sadness_audio_audio": 0.5925361514091492,
  "joy_audio_audio": 0.0022019408643245697,
  "love_audio_audio": 0.0008583369199186563,
  "anger_audio_audio": 0.40157604217529297,
  "fear_audio_audio": 0.0023491084575653076,
  "surprise_audio_audio": 0.00047836583689786494,
  "speech_rate_audio_audio": 2.9459901800327333,
  "neu_prosodic_prosodic": 1.0,
  "hap_prosodic_prosodic": 1.2159623134777586e-11,
  "sad_prosodic_prosodic": 5.049874147317057e-12,
  "ang_prosodic_prosodic": 4.72604767820517e-11,
  "movement_score_fidget": 0.3410245478153229,
  "fidget_percentage_fidget": 0.6820490956306458,
  "hand_movement_fidget": 0.2728196382522583,
  "face_movement_fidget": 0.17051227390766144,
  "arm_movement_fidget": 0.3069220930337906,
  "overall_intensity_fidget": 0.40922945737838745
}